,ID,Mode,Flags,Runtime,Iteration,Best
0,-O0,fast,-O0,0.315,0,False
1,-O2,fast,-O2,0.315,0,False
2,81772911-a57b-4109-9f4d-ae606e2ccb35,fast,"['-O0', '-fcse', '-fvectorisation-avoidance', '-fstrictness-before=1', '-fno-opt-coercion', '-funfolding-fun-discount=60', '-fmax-inline-alloc-size=128']",0.314,0,False
3,7259a7bb-a452-49d9-a7b1-d15bdc3a602b,fast,"['-O0', '-fworker-wrapper', '-fmax-relevant-binds=6', '-fno-state-hack', '-fstrictness', '-foptimal-applicative-do', '-fcpr-anal', '-funfolding-fun-discount=60', '-fcase-merge', '-fno-opt-coercion', '-fignore-asserts', '-fmax-inline-memcpy-insns=32', '-ffun-to-thunk', '-funfolding-use-threshold=60', '-fsimplifier-phases=2', '-fspec-constr', '-fomit-yields', '-fsimpl-tick-factor=100']",0.316,0,False
4,1e99de9d-25ac-4f99-bc7c-31f1c0d4ad5e,fast,"['-O0', '-fspec-constr-count=3', '-fdo-eta-reduction', '-fdicts-strict', '-fmax-relevant-binds=6', '-funbox-small-strict-fields', '-fcase-merge', '-funfolding-creation-threshold=750', '-funfolding-dict-discount=30', '-fliberate-case-threshold=2000', '-fstrictness', '-floopification', '-funfolding-fun-discount=60', '-fstatic-argument-transformation', '-fexcess-precision', '-fdicts-cheap', '-fno-pre-inlining', '-fcse', '-ffloat-in', '-foptimal-applicative-do', '-flate-dmd-anal', '-fno-opt-coercion', '-fdmd-tx-dict-sel', '-fcmm-sink', '-feager-blackholing', '-fignore-interface-pragmas', '-fmax-inline-alloc-size=128', '-ffun-to-thunk', '-fdo-lambda-eta-expansion', '-fspec-constr', '-fvectorisation-avoidance', '-fworker-wrapper', '-fno-state-hack', '-fenable-rewrite-rules', '-fspecialise', '-funbox-strict-fields', '-fcall-arity', '-funfolding-use-threshold=60', '-fmax-worker-args=10', '-fcross-module-specialise']",0.315,0,False
5,02cac27d-b113-41ed-b723-94c4c8511b3d,fast,"['-O0', '-fspec-constr', '-fcall-arity', '-fignore-interface-pragmas', '-fdo-eta-reduction', '-funfolding-keeness-factor=1.5', '-flate-dmd-anal', '-fexpose-all-unfoldings', '-fomit-interface-pragmas', '-fliberate-case', '-fmax-inline-memset-insns=32', '-funfolding-use-threshold=60', '-fspec-constr-threshold=2000', '-floopification', '-fspecialise', '-foptimal-applicative-do', '-fsimplifier-phases=2', '-fmax-inline-alloc-size=128', '-fdmd-tx-dict-sel', '-fenable-rewrite-rules', '-fomit-yields', '-fcpr-anal', '-fmax-worker-args=10', '-fmax-simplifier-iterations=4', '-fworker-wrapper', '-fno-state-hack', '-fdicts-strict', '-fregs-graph', '-fstrictness-before=1']",0.314,0,False
6,b464348a-548a-49f6-b203-9d9886853545,fast,"['-O0', '-fdicts-cheap', '-fstrictness', '-fmax-inline-alloc-size=128', '-fdo-eta-reduction', '-fstatic-argument-transformation', '-foptimal-applicative-do', '-funbox-strict-fields', '-fsimpl-tick-factor=100', '-funbox-small-strict-fields', '-fno-pre-inlining', '-fcross-module-specialise', '-fmax-inline-memset-insns=32', '-fno-state-hack', '-feager-blackholing', '-ffull-laziness', '-fomit-yields', '-fignore-asserts', '-fmax-simplifier-iterations=4', '-fmax-relevant-binds=6', '-fdo-lambda-eta-expansion', '-fvectorise', '-fexcess-precision', '-fliberate-case', '-funfolding-creation-threshold=750', '-fdmd-tx-dict-sel', '-ffloat-in', '-fworker-wrapper', '-floopification', '-fno-opt-coercion', '-ffun-to-thunk', '-fdicts-strict', '-fcase-merge', '-fstrictness-before=1', '-fignore-interface-pragmas', '-fspecialise', '-fcmm-sink', '-fmax-inline-memcpy-insns=32', '-flate-dmd-anal', '-funfolding-fun-discount=60', '-fexpose-all-unfoldings']",0.314,0,False
7,448b430d-4c07-44ec-a30d-de4cf03f2f76,fast,"['-O0', '-fstrictness-before=1', '-fcmm-sink', '-fdo-eta-reduction', '-fno-opt-coercion', '-fsimplifier-phases=2', '-funfolding-keeness-factor=1.5', '-fno-state-hack']",0.314,0,False
8,c3f41da9-115a-4de9-a296-580f01b69d19,fast,"['-O0', '-fmax-inline-memcpy-insns=32', '-fstrictness', '-ffull-laziness', '-fcall-arity', '-fomit-yields', '-funbox-strict-fields', '-fdicts-cheap', '-funfolding-dict-discount=30', '-fmax-worker-args=10', '-fliberate-case-threshold=2000', '-fspecialise', '-fenable-rewrite-rules', '-fspec-constr', '-fno-opt-coercion', '-fmax-simplifier-iterations=4', '-flate-dmd-anal', '-fcmm-sink', '-fno-pre-inlining', '-funfolding-use-threshold=60', '-fsimplifier-phases=2', '-fdo-lambda-eta-expansion', '-fstrictness-before=1', '-fdmd-tx-dict-sel', '-fexcess-precision', '-fregs-graph', '-fstatic-argument-transformation', '-fno-state-hack', '-fdo-eta-reduction', '-floopification', '-funfolding-keeness-factor=1.5', '-fsimpl-tick-factor=100', '-fdicts-strict', '-fcpr-anal', '-feager-blackholing', '-funfolding-creation-threshold=750', '-fspec-constr-count=3', '-fcse', '-fcross-module-specialise', '-fmax-inline-memset-insns=32', '-fcmm-elim-common-blocks', '-ffloat-in', '-ffun-to-thunk', '-funbox-small-strict-fields', '-fignore-interface-pragmas', '-fomit-interface-pragmas', '-fvectorisation-avoidance', '-fmax-relevant-binds=6', '-fvectorise', '-fignore-asserts', '-fregs-iterative', '-fliberate-case', '-fexpose-all-unfoldings', '-foptimal-applicative-do', '-funfolding-fun-discount=60', '-fcase-merge', '-fpedantic-bottoms']",0.313,0,False
9,131bde68-893b-427d-9c7f-816e33584d31,fast,"['-O0', '-fvectorise', '-fworker-wrapper', '-fsimplifier-phases=2', '-fmax-inline-alloc-size=128', '-fdicts-strict', '-flate-dmd-anal', '-fcall-arity', '-funfolding-use-threshold=60', '-ffun-to-thunk', '-fcse', '-funfolding-dict-discount=30', '-fmax-inline-memset-insns=32', '-fspec-constr-threshold=2000', '-fignore-interface-pragmas', '-foptimal-applicative-do', '-fno-opt-coercion', '-fexpose-all-unfoldings', '-fdo-eta-reduction', '-fdmd-tx-dict-sel', '-fsimpl-tick-factor=100', '-fmax-inline-memcpy-insns=32', '-fcmm-sink', '-ffull-laziness']",0.317,0,False
10,8a61ac4f-e008-4ef1-907e-2ab60be12ccf,fast,"['-O0', '-fexpose-all-unfoldings', '-funfolding-creation-threshold=750', '-fspec-constr', '-fmax-inline-alloc-size=128', '-funbox-small-strict-fields', '-feager-blackholing', '-fcall-arity', '-ffloat-in', '-fmax-simplifier-iterations=4', '-fvectorisation-avoidance', '-ffun-to-thunk', '-fmax-worker-args=10', '-fcmm-elim-common-blocks', '-fliberate-case', '-fdmd-tx-dict-sel', '-floopification', '-fdicts-strict', '-funfolding-use-threshold=60', '-fenable-rewrite-rules', '-fmax-inline-memcpy-insns=32', '-funfolding-keeness-factor=1.5', '-fdo-lambda-eta-expansion', '-fignore-interface-pragmas']",0.313,0,False
11,a4ae46bb-6da9-4625-aec2-3c7fcce70771,fast,"['-O0', '-fvectorisation-avoidance', '-fmax-inline-alloc-size=128', '-fcmm-sink', '-fcse', '-fsimplifier-phases=2', '-fignore-asserts', '-fdo-lambda-eta-expansion', '-fvectorise', '-funbox-small-strict-fields', '-fworker-wrapper', '-fcase-merge', '-fomit-yields', '-fspec-constr-count=3', '-fno-state-hack', '-fpedantic-bottoms', '-fmax-inline-memcpy-insns=32', '-fregs-graph', '-fdmd-tx-dict-sel', '-funfolding-creation-threshold=750', '-funfolding-fun-discount=60', '-funfolding-keeness-factor=1.5']",0.313,0,False
12,f4409d3f-3bd8-45ea-8b37-968bd3058014,fast,"['-O0', '-funfolding-keeness-factor=1.5', '-foptimal-applicative-do', '-fexcess-precision', '-fdmd-tx-dict-sel', '-fmax-simplifier-iterations=4', '-fvectorisation-avoidance', '-fcmm-elim-common-blocks', '-fno-pre-inlining', '-fspec-constr-count=3', '-fsimplifier-phases=2', '-fcmm-sink', '-funbox-strict-fields', '-funfolding-creation-threshold=750']",0.314,0,False
13,0f821bcb-b432-4999-9c2a-66fb6d8c000f,fast,"['-O0', '-fspec-constr', '-fignore-interface-pragmas', '-fregs-iterative', '-funfolding-keeness-factor=1.5', '-fmax-relevant-binds=6', '-fno-pre-inlining', '-fexpose-all-unfoldings', '-fignore-asserts', '-fmax-inline-alloc-size=128', '-fspecialise', '-fliberate-case-threshold=2000', '-funfolding-fun-discount=60', '-fno-state-hack', '-fspec-constr-count=3', '-ffull-laziness', '-fregs-graph', '-feager-blackholing', '-fexcess-precision', '-fmax-worker-args=10', '-fstrictness', '-fdmd-tx-dict-sel', '-floopification', '-fstrictness-before=1', '-fcmm-elim-common-blocks', '-fno-opt-coercion', '-fcase-merge', '-fsimpl-tick-factor=100', '-fcmm-sink', '-fsimplifier-phases=2', '-fomit-interface-pragmas', '-ffun-to-thunk', '-fcpr-anal', '-fmax-inline-memset-insns=32', '-fmax-inline-memcpy-insns=32', '-funbox-strict-fields', '-funfolding-use-threshold=60']",0.313,0,False
14,9f926072-5f0f-44f1-8aa9-65e6d4898e31,fast,"['-O0', '-fstrictness-before=1', '-fspec-constr-count=3', '-fexpose-all-unfoldings', '-fcse', '-ffun-to-thunk', '-fno-opt-coercion', '-feager-blackholing', '-fcmm-sink', '-fmax-inline-memcpy-insns=32', '-fregs-iterative', '-foptimal-applicative-do', '-flate-dmd-anal', '-fsimpl-tick-factor=100', '-fstatic-argument-transformation', '-fsimplifier-phases=2', '-fomit-yields', '-fdicts-cheap', '-fmax-worker-args=10', '-fno-pre-inlining', '-fmax-relevant-binds=6', '-ffull-laziness', '-fmax-inline-memset-insns=32', '-funfolding-keeness-factor=1.5', '-funbox-small-strict-fields', '-fregs-graph', '-fspec-constr', '-fworker-wrapper', '-fno-state-hack', '-fcmm-elim-common-blocks', '-fomit-interface-pragmas', '-fcpr-anal', '-fpedantic-bottoms', '-fspecialise', '-fspec-constr-threshold=2000', '-funfolding-creation-threshold=750', '-fexcess-precision']",0.315,0,False
15,2bfc762b-0e3c-4634-8d70-9a693f2198b5,fast,['-O0'],0.313,0,False
16,b3bc738a-1ecd-4b2f-b047-53ab3b88be7d,fast,"['-O0', '-fmax-inline-memset-insns=32', '-fignore-asserts', '-fdo-eta-reduction', '-fliberate-case-threshold=2000', '-funbox-small-strict-fields', '-fvectorise', '-fmax-inline-memcpy-insns=32', '-fdmd-tx-dict-sel', '-fdicts-cheap', '-fno-pre-inlining', '-fomit-interface-pragmas', '-fstrictness', '-fsimplifier-phases=2', '-flate-dmd-anal', '-fno-opt-coercion', '-fspecialise', '-foptimal-applicative-do', '-fdicts-strict', '-fstrictness-before=1', '-fcross-module-specialise', '-fno-state-hack', '-fcmm-elim-common-blocks', '-ffun-to-thunk', '-floopification', '-ffloat-in', '-fworker-wrapper', '-fmax-worker-args=10', '-fmax-inline-alloc-size=128', '-fexcess-precision', '-fomit-yields', '-fcpr-anal', '-fcse', '-fmax-relevant-binds=6', '-fmax-simplifier-iterations=4', '-funfolding-creation-threshold=750', '-fcmm-sink', '-fvectorisation-avoidance', '-funfolding-keeness-factor=1.5']",0.314,0,False
17,2e6a66df-2ffc-4d86-8eb1-68a53478ae01,fast,"['-O0', '-funbox-strict-fields', '-fstatic-argument-transformation', '-fstrictness-before=1', '-fspec-constr-threshold=2000', '-fcse', '-fno-pre-inlining', '-fdicts-cheap', '-fstrictness', '-fregs-iterative', '-fmax-inline-memcpy-insns=32', '-funfolding-dict-discount=30', '-ffun-to-thunk', '-fvectorise', '-fcall-arity', '-funfolding-fun-discount=60', '-fliberate-case-threshold=2000', '-fdicts-strict', '-fcmm-sink', '-fspec-constr', '-fomit-interface-pragmas', '-feager-blackholing', '-fmax-inline-alloc-size=128', '-foptimal-applicative-do', '-fcmm-elim-common-blocks', '-fvectorisation-avoidance', '-fno-state-hack', '-fmax-relevant-binds=6', '-fliberate-case', '-funfolding-creation-threshold=750', '-fexcess-precision', '-fexpose-all-unfoldings', '-fcpr-anal', '-fdo-eta-reduction', '-fcross-module-specialise', '-fdo-lambda-eta-expansion', '-fignore-asserts', '-fspec-constr-count=3', '-funfolding-keeness-factor=1.5', '-fdmd-tx-dict-sel']",0.312,0,True
18,be76125f-50e4-4336-8ff0-95d605b12c7e,fast,"['-O0', '-fmax-worker-args=10', '-ffloat-in', '-fcmm-sink', '-fignore-asserts', '-fregs-graph', '-fstrictness', '-fmax-inline-memcpy-insns=32', '-fspec-constr-threshold=2000', '-fcse', '-funfolding-dict-discount=30', '-fworker-wrapper', '-ffun-to-thunk', '-fsimplifier-phases=2', '-fdo-eta-reduction', '-fspec-constr', '-foptimal-applicative-do', '-fspec-constr-count=3', '-funbox-strict-fields', '-fignore-interface-pragmas', '-fsimpl-tick-factor=100', '-ffull-laziness', '-fvectorise', '-funfolding-keeness-factor=1.5', '-fregs-iterative', '-fno-opt-coercion', '-fdo-lambda-eta-expansion', '-feager-blackholing', '-fcall-arity', '-fmax-relevant-binds=6', '-fcross-module-specialise', '-fomit-yields', '-fvectorisation-avoidance', '-fomit-interface-pragmas', '-fexcess-precision', '-funfolding-fun-discount=60']",0.315,0,False
19,22f323e2-1891-43c6-afa4-a80a75f57509,fast,"['-O0', '-fspec-constr-threshold=2000', '-fdmd-tx-dict-sel', '-fliberate-case', '-funfolding-dict-discount=30', '-fignore-asserts', '-fdicts-cheap', '-fstatic-argument-transformation', '-fno-opt-coercion', '-fomit-interface-pragmas', '-fdo-lambda-eta-expansion', '-funfolding-fun-discount=60', '-fpedantic-bottoms', '-fmax-worker-args=10', '-fvectorisation-avoidance', '-fmax-simplifier-iterations=4', '-fexcess-precision', '-fregs-graph', '-foptimal-applicative-do', '-fstrictness-before=1', '-fspec-constr', '-fsimpl-tick-factor=100', '-ffull-laziness', '-fcse', '-fcmm-elim-common-blocks', '-fmax-relevant-binds=6', '-fexpose-all-unfoldings', '-fdicts-strict', '-fregs-iterative', '-fcase-merge', '-fcall-arity', '-fignore-interface-pragmas', '-fmax-inline-alloc-size=128', '-ffun-to-thunk', '-fenable-rewrite-rules', '-funbox-small-strict-fields', '-fstrictness', '-fcpr-anal', '-funbox-strict-fields', '-fcross-module-specialise', '-floopification', '-feager-blackholing', '-fmax-inline-memcpy-insns=32', '-fworker-wrapper']",0.314,0,False
20,446ddddf-ed63-481e-888d-d93f96c6718c,fast,"['-O0', '-fdo-lambda-eta-expansion', '-funfolding-keeness-factor=1.5', '-fworker-wrapper', '-funfolding-use-threshold=60', '-fno-state-hack', '-fignore-interface-pragmas', '-fliberate-case', '-fspecialise', '-fno-opt-coercion', '-fregs-graph', '-funfolding-fun-discount=60', '-fcse', '-fspec-constr', '-ffun-to-thunk', '-fvectorise', '-fdicts-cheap', '-fmax-inline-alloc-size=128', '-funbox-small-strict-fields', '-fdo-eta-reduction']",0.315,0,False
21,36950324-aa12-49b3-92ff-741673c289f4,fast,"['-O0', '-fomit-yields', '-funfolding-dict-discount=30', '-funfolding-fun-discount=60', '-fno-opt-coercion', '-fomit-interface-pragmas']",0.314,0,False
22,b210043a-0a48-4c1a-bf58-a02b499b231b,fast,"['-O0', '-fmax-relevant-binds=6', '-fmax-inline-alloc-size=128', '-fstrictness', '-fcmm-sink', '-foptimal-applicative-do', '-fstatic-argument-transformation', '-funbox-strict-fields', '-fmax-inline-memset-insns=32', '-fliberate-case', '-fsimplifier-phases=2', '-fworker-wrapper', '-fcse', '-ffun-to-thunk', '-fdicts-cheap', '-fcross-module-specialise', '-fvectorise', '-fno-pre-inlining', '-fspecialise', '-fcase-merge', '-fmax-simplifier-iterations=4', '-funbox-small-strict-fields', '-fmax-worker-args=10', '-funfolding-dict-discount=30', '-fdo-eta-reduction', '-fcall-arity', '-ffull-laziness', '-fspec-constr', '-fno-state-hack', '-fregs-graph', '-fspec-constr-count=3', '-fignore-interface-pragmas', '-fcmm-elim-common-blocks', '-funfolding-use-threshold=60', '-fexcess-precision', '-fdo-lambda-eta-expansion', '-fexpose-all-unfoldings', '-fstrictness-before=1', '-fenable-rewrite-rules', '-fno-opt-coercion', '-ffloat-in', '-fdmd-tx-dict-sel', '-fomit-interface-pragmas', '-flate-dmd-anal', '-funfolding-creation-threshold=750', '-fcpr-anal', '-fomit-yields']",0.316,0,False
23,e4e22dec-74a7-4225-85ec-2224caff38b1,fast,"['-O0', '-fdicts-strict', '-fmax-inline-alloc-size=128', '-flate-dmd-anal', '-fcse', '-fvectorise', '-fstatic-argument-transformation', '-fno-opt-coercion', '-fdmd-tx-dict-sel', '-fcmm-sink', '-fworker-wrapper', '-funfolding-use-threshold=60', '-fmax-inline-memcpy-insns=32', '-fdo-lambda-eta-expansion', '-fomit-interface-pragmas', '-funfolding-fun-discount=60', '-fomit-yields', '-fignore-interface-pragmas', '-fmax-relevant-binds=6', '-fliberate-case', '-funfolding-creation-threshold=750']",0.314,0,False
24,82c35f63-a06a-43b2-9340-3ac1c621f9b0,fast,"['-O0', '-fmax-simplifier-iterations=4', '-funfolding-use-threshold=60', '-fsimpl-tick-factor=100', '-funfolding-dict-discount=30', '-fmax-inline-memcpy-insns=32', '-fstatic-argument-transformation', '-fignore-interface-pragmas', '-fspecialise', '-fno-state-hack', '-floopification', '-ffloat-in', '-fspec-constr-threshold=2000', '-fenable-rewrite-rules', '-feager-blackholing', '-fspec-constr', '-ffun-to-thunk', '-fliberate-case', '-fdmd-tx-dict-sel', '-fomit-interface-pragmas', '-fdicts-cheap', '-funbox-strict-fields', '-funfolding-creation-threshold=750', '-fno-pre-inlining', '-fcmm-elim-common-blocks', '-fmax-worker-args=10', '-fcall-arity', '-flate-dmd-anal', '-fpedantic-bottoms', '-fvectorise', '-fmax-inline-memset-insns=32', '-fspec-constr-count=3']",0.315,0,False
25,9723b796-7455-4ba7-be64-e3e15a3b464a,fast,"['-O0', '-fspec-constr-threshold=2000', '-fdo-lambda-eta-expansion', '-ffloat-in', '-fmax-inline-memset-insns=32', '-fexpose-all-unfoldings', '-fvectorise', '-fsimpl-tick-factor=100', '-funfolding-use-threshold=60', '-fregs-graph', '-fliberate-case', '-fspec-constr-count=3', '-fmax-inline-memcpy-insns=32', '-fcpr-anal', '-funfolding-creation-threshold=750', '-fmax-inline-alloc-size=128', '-fenable-rewrite-rules', '-fno-pre-inlining', '-fdicts-cheap', '-fdicts-strict', '-fcall-arity', '-floopification', '-fno-opt-coercion', '-fstatic-argument-transformation', '-fpedantic-bottoms']",0.314,0,False
26,0e424073-14aa-4630-bb30-beadbee05866,fast,"['-O0', '-fvectorise', '-fstrictness-before=1', '-fsimpl-tick-factor=100', '-fliberate-case', '-fdo-lambda-eta-expansion', '-floopification', '-fstatic-argument-transformation', '-fsimplifier-phases=2', '-fdmd-tx-dict-sel']",0.314,0,False
27,8399f906-0200-496e-b731-0c8b00f257dd,fast,"['-O0', '-fcmm-sink', '-funfolding-use-threshold=60', '-fignore-asserts', '-fcase-merge', '-fmax-worker-args=10', '-fcmm-elim-common-blocks', '-fdmd-tx-dict-sel', '-fliberate-case-threshold=2000', '-fregs-graph', '-fregs-iterative', '-fexpose-all-unfoldings', '-feager-blackholing', '-fignore-interface-pragmas', '-flate-dmd-anal', '-fdo-eta-reduction', '-fcall-arity', '-fmax-inline-memset-insns=32', '-fmax-inline-memcpy-insns=32', '-fsimpl-tick-factor=100', '-fomit-interface-pragmas', '-fdo-lambda-eta-expansion', '-fvectorise', '-fstatic-argument-transformation', '-fexcess-precision', '-fmax-inline-alloc-size=128', '-ffloat-in']",0.314,0,False
28,5ef6780e-ea1c-4904-aebe-f80dbd0e7177,fast,"['-O0', '-fcase-merge', '-fspec-constr', '-funfolding-keeness-factor=1.5', '-fexcess-precision', '-fstatic-argument-transformation', '-funbox-small-strict-fields', '-fmax-inline-memcpy-insns=32', '-fdicts-strict', '-fcpr-anal', '-feager-blackholing', '-fvectorise', '-funbox-strict-fields', '-fomit-yields', '-fdicts-cheap', '-fcmm-sink', '-fdo-lambda-eta-expansion', '-fmax-inline-alloc-size=128', '-floopification', '-fno-state-hack', '-fmax-simplifier-iterations=4', '-fcmm-elim-common-blocks', '-fomit-interface-pragmas', '-fsimplifier-phases=2', '-fliberate-case', '-fregs-graph', '-fmax-relevant-binds=6', '-fdmd-tx-dict-sel', '-fspec-constr-threshold=2000', '-funfolding-fun-discount=60', '-ffloat-in', '-fno-pre-inlining', '-fworker-wrapper', '-flate-dmd-anal', '-fspec-constr-count=3', '-fcse', '-fsimpl-tick-factor=100', '-fregs-iterative', '-fstrictness-before=1', '-fexpose-all-unfoldings', '-foptimal-applicative-do', '-fcall-arity', '-fvectorisation-avoidance', '-fdo-eta-reduction', '-fpedantic-bottoms', '-ffun-to-thunk', '-fno-opt-coercion', '-funfolding-dict-discount=30', '-fignore-asserts', '-fliberate-case-threshold=2000', '-funfolding-use-threshold=60', '-fenable-rewrite-rules']",0.314,0,False
29,a6e85dfd-4a3f-4cec-9ab1-f01430189a59,fast,"['-O0', '-flate-dmd-anal', '-ffloat-in', '-fno-state-hack', '-fdicts-cheap', '-fcase-merge', '-fmax-inline-memcpy-insns=32', '-fliberate-case', '-floopification', '-funfolding-creation-threshold=750', '-fstrictness-before=1', '-fmax-relevant-binds=6', '-fsimpl-tick-factor=100', '-funfolding-keeness-factor=1.5', '-fmax-inline-memset-insns=32', '-fregs-iterative', '-fsimplifier-phases=2', '-fexpose-all-unfoldings', '-fdo-eta-reduction', '-fstatic-argument-transformation', '-fcall-arity', '-fstrictness', '-funbox-small-strict-fields', '-funfolding-fun-discount=60', '-fdicts-strict', '-fenable-rewrite-rules', '-fno-pre-inlining', '-fpedantic-bottoms', '-fvectorisation-avoidance', '-funfolding-dict-discount=30', '-fexcess-precision', '-ffull-laziness', '-funfolding-use-threshold=60', '-fvectorise']",0.314,0,False
30,45f6c461-521c-4932-9ac6-2a2c1d5e4d47,fast,"['-O0', '-fmax-simplifier-iterations=4', '-fno-pre-inlining', '-funfolding-keeness-factor=1.5', '-fcpr-anal']",0.313,0,False
31,4b07aea0-3fdc-4ba4-bf5b-ef278da4687b,fast,"['-O0', '-fvectorise', '-fspec-constr-count=3', '-fmax-simplifier-iterations=4', '-fno-opt-coercion', '-fignore-interface-pragmas', '-fstrictness-before=1', '-fcase-merge', '-fspecialise']",0.314,0,False
32,6fb32da4-7042-4ef8-a4f2-44d84cd53aaa,fast,['-O0'],0.315,0,False
33,9c8d0eba-3e16-4bab-ac30-076842c95c6b,fast,"['-O0', '-fomit-interface-pragmas', '-fmax-simplifier-iterations=4', '-fno-state-hack', '-funbox-small-strict-fields', '-fignore-interface-pragmas', '-fno-opt-coercion', '-fdmd-tx-dict-sel', '-fpedantic-bottoms', '-fcall-arity', '-fmax-relevant-binds=6', '-fomit-yields', '-feager-blackholing', '-fliberate-case']",0.317,0,False
34,a34a2c42-b961-4011-94af-8c10a5f0a426,fast,"['-O0', '-fignore-asserts', '-fmax-inline-memset-insns=32', '-fcmm-sink', '-fdicts-cheap', '-fomit-yields', '-fmax-relevant-binds=6', '-fexpose-all-unfoldings', '-fno-pre-inlining', '-fregs-graph', '-fliberate-case', '-fcase-merge', '-ffull-laziness', '-funfolding-use-threshold=60', '-funfolding-creation-threshold=750', '-fmax-simplifier-iterations=4', '-fstrictness', '-fregs-iterative', '-funbox-small-strict-fields', '-fworker-wrapper', '-funbox-strict-fields', '-fno-state-hack', '-foptimal-applicative-do', '-fno-opt-coercion', '-fexcess-precision', '-funfolding-dict-discount=30', '-fspec-constr-count=3', '-fvectorisation-avoidance', '-fcall-arity', '-fspec-constr-threshold=2000', '-fsimpl-tick-factor=100', '-funfolding-fun-discount=60', '-floopification', '-ffun-to-thunk', '-fsimplifier-phases=2', '-fvectorise', '-fcse', '-ffloat-in', '-fspecialise', '-fstrictness-before=1', '-fdmd-tx-dict-sel', '-fspec-constr', '-feager-blackholing', '-fomit-interface-pragmas', '-fcross-module-specialise', '-fdicts-strict', '-fdo-lambda-eta-expansion', '-fpedantic-bottoms', '-fmax-worker-args=10', '-fstatic-argument-transformation', '-fliberate-case-threshold=2000', '-fmax-inline-alloc-size=128', '-fcpr-anal']",0.315,0,False
35,55567cfe-5b95-4a45-b6f5-b63fc72a872c,fast,"['-O0', '-fmax-simplifier-iterations=4', '-fomit-interface-pragmas', '-fdicts-cheap', '-fstrictness-before=1', '-fcse', '-fsimplifier-phases=2', '-feager-blackholing', '-fcross-module-specialise', '-fspecialise', '-fexpose-all-unfoldings', '-fexcess-precision', '-fmax-worker-args=10', '-fspec-constr', '-funbox-small-strict-fields', '-fstatic-argument-transformation', '-floopification', '-fworker-wrapper', '-fno-state-hack', '-funfolding-keeness-factor=1.5', '-ffloat-in', '-fcmm-elim-common-blocks', '-fno-opt-coercion', '-fdmd-tx-dict-sel', '-foptimal-applicative-do', '-funfolding-creation-threshold=750', '-fdicts-strict']",0.314,0,False
36,ab1f093a-5ed2-450f-ad47-ebcd0dc5773c,fast,"['-O0', '-fmax-inline-alloc-size=128', '-fmax-worker-args=10', '-fomit-interface-pragmas', '-funbox-strict-fields', '-floopification', '-fdmd-tx-dict-sel', '-fexcess-precision', '-funfolding-keeness-factor=1.5', '-fdicts-cheap', '-fno-state-hack', '-fregs-graph', '-fstrictness', '-fstatic-argument-transformation', '-funfolding-dict-discount=30', '-ffun-to-thunk', '-fenable-rewrite-rules', '-fdo-lambda-eta-expansion', '-ffull-laziness', '-fmax-inline-memset-insns=32', '-fregs-iterative', '-fcpr-anal', '-fstrictness-before=1', '-fmax-simplifier-iterations=4', '-fcase-merge', '-funfolding-fun-discount=60', '-fignore-interface-pragmas', '-fvectorisation-avoidance', '-fliberate-case-threshold=2000', '-fdicts-strict', '-fvectorise', '-fmax-relevant-binds=6', '-fignore-asserts', '-fmax-inline-memcpy-insns=32', '-fspec-constr-threshold=2000', '-fspec-constr-count=3', '-fcmm-sink', '-flate-dmd-anal', '-fdo-eta-reduction', '-fliberate-case']",0.314,0,False
37,22be3fe0-56c0-4cff-989d-205cc6552345,fast,"['-O0', '-fomit-yields', '-fexpose-all-unfoldings', '-fignore-interface-pragmas', '-fdo-lambda-eta-expansion', '-fstrictness', '-funbox-strict-fields', '-fspec-constr-count=3', '-fliberate-case-threshold=2000', '-fsimplifier-phases=2', '-fdmd-tx-dict-sel', '-fdicts-strict']",0.316,0,False
38,520d162c-60af-4f7d-adfd-c875e5498fe8,fast,"['-O0', '-fno-pre-inlining', '-fstrictness', '-fcase-merge', '-fsimpl-tick-factor=100', '-fcall-arity', '-fliberate-case', '-fregs-graph', '-fignore-asserts', '-fstatic-argument-transformation', '-funfolding-dict-discount=30', '-ffloat-in', '-fspec-constr-threshold=2000', '-funbox-small-strict-fields', '-fcross-module-specialise', '-fignore-interface-pragmas', '-fmax-inline-memset-insns=32', '-funfolding-keeness-factor=1.5', '-ffull-laziness', '-fcpr-anal', '-fmax-inline-memcpy-insns=32']",0.314,0,False
39,7431d6fa-b524-4b0f-897c-606aad49cb64,fast,"['-O0', '-fregs-iterative', '-fliberate-case', '-fsimplifier-phases=2', '-fstrictness', '-fdmd-tx-dict-sel', '-fmax-inline-memcpy-insns=32', '-fvectorisation-avoidance', '-funfolding-fun-discount=60', '-ffull-laziness', '-fdo-eta-reduction', '-fno-pre-inlining', '-fmax-inline-memset-insns=32', '-feager-blackholing', '-fmax-relevant-binds=6']",0.317,0,False
40,1dbce2ce-b8b9-4e91-8b55-4617143b45a2,fast,"['-O0', '-fomit-interface-pragmas', '-fno-opt-coercion', '-funfolding-fun-discount=60', '-fmax-inline-memset-insns=32', '-fomit-yields', '-fdicts-strict', '-fspec-constr-threshold=2000', '-feager-blackholing', '-fcase-merge', '-flate-dmd-anal', '-fenable-rewrite-rules', '-fcpr-anal', '-fsimplifier-phases=2', '-fexcess-precision', '-fcmm-elim-common-blocks', '-funbox-strict-fields', '-fregs-iterative', '-fliberate-case-threshold=2000', '-fvectorise', '-fworker-wrapper', '-fstrictness', '-funfolding-use-threshold=60', '-fexpose-all-unfoldings', '-fpedantic-bottoms', '-fdicts-cheap', '-fcall-arity', '-fdo-eta-reduction', '-fstrictness-before=1', '-funbox-small-strict-fields', '-fcross-module-specialise', '-fliberate-case', '-fvectorisation-avoidance', '-fsimpl-tick-factor=100', '-fmax-inline-alloc-size=128', '-fspecialise', '-fno-pre-inlining', '-fmax-relevant-binds=6', '-fmax-inline-memcpy-insns=32', '-fignore-interface-pragmas', '-fcse', '-funfolding-creation-threshold=750', '-ffun-to-thunk', '-floopification']",0.317,0,False
41,b5119290-43de-4b30-9df2-1ed9e5b6d0ff,fast,"['-O0', '-fno-pre-inlining', '-fspec-constr-threshold=2000', '-ffun-to-thunk', '-fdicts-cheap', '-fspec-constr', '-fmax-relevant-binds=6', '-fcross-module-specialise', '-fexcess-precision', '-fliberate-case', '-funfolding-dict-discount=30', '-floopification', '-fregs-graph', '-fspecialise', '-ffull-laziness', '-funfolding-fun-discount=60', '-fsimpl-tick-factor=100', '-funfolding-keeness-factor=1.5', '-fomit-yields', '-fomit-interface-pragmas', '-funbox-strict-fields', '-funbox-small-strict-fields', '-fignore-interface-pragmas', '-fcpr-anal', '-funfolding-creation-threshold=750', '-feager-blackholing', '-fcse', '-fmax-inline-alloc-size=128', '-fcmm-elim-common-blocks', '-fdo-eta-reduction', '-fno-state-hack', '-fmax-inline-memset-insns=32', '-fdo-lambda-eta-expansion', '-fcall-arity', '-fcase-merge', '-fdmd-tx-dict-sel', '-flate-dmd-anal', '-fstatic-argument-transformation', '-fmax-simplifier-iterations=4', '-fvectorisation-avoidance', '-fvectorise', '-fliberate-case-threshold=2000', '-fspec-constr-count=3', '-fcmm-sink']",0.315,0,False
42,be14f1e7-8677-4493-9c39-536217c5f549,fast,"['-O0', '-flate-dmd-anal', '-fspec-constr', '-fcpr-anal', '-fcall-arity', '-fpedantic-bottoms', '-ffull-laziness', '-fdo-lambda-eta-expansion', '-fno-pre-inlining', '-fdicts-cheap', '-fstrictness-before=1', '-ffloat-in', '-fcmm-sink', '-fliberate-case', '-fmax-inline-alloc-size=128', '-fignore-interface-pragmas', '-fvectorisation-avoidance', '-fcse', '-foptimal-applicative-do', '-fmax-inline-memcpy-insns=32', '-fsimplifier-phases=2', '-funbox-small-strict-fields', '-fstrictness', '-funbox-strict-fields', '-fspec-constr-count=3', '-funfolding-keeness-factor=1.5', '-feager-blackholing']",0.314,0,False
43,db066382-46b0-4bdf-bda7-6bfa8128765f,fast,"['-O0', '-fdo-lambda-eta-expansion', '-fmax-inline-memcpy-insns=32', '-fliberate-case-threshold=2000', '-fdo-eta-reduction', '-funfolding-creation-threshold=750', '-fcall-arity', '-fdicts-cheap', '-ffun-to-thunk', '-fcmm-sink', '-fcse', '-funbox-strict-fields', '-fliberate-case', '-fstrictness-before=1', '-fexpose-all-unfoldings', '-fignore-interface-pragmas', '-ffull-laziness', '-fdmd-tx-dict-sel', '-flate-dmd-anal', '-fspec-constr-threshold=2000', '-fregs-graph', '-fspecialise', '-fregs-iterative', '-fmax-inline-alloc-size=128', '-fspec-constr', '-floopification', '-fcmm-elim-common-blocks', '-fno-opt-coercion', '-funfolding-use-threshold=60', '-fmax-worker-args=10', '-foptimal-applicative-do', '-fpedantic-bottoms', '-fomit-yields', '-funfolding-fun-discount=60', '-fmax-simplifier-iterations=4', '-fspec-constr-count=3', '-fmax-relevant-binds=6', '-fworker-wrapper']",0.315,0,False
44,4d1338b9-2e91-4c65-9f1d-f4a3615bb0e8,fast,"['-O0', '-fexpose-all-unfoldings', '-fstrictness-before=1', '-funfolding-fun-discount=60', '-fvectorise', '-fignore-interface-pragmas', '-fliberate-case-threshold=2000', '-fdicts-cheap', '-fno-pre-inlining', '-fcse', '-fno-opt-coercion', '-funfolding-keeness-factor=1.5', '-fsimplifier-phases=2', '-fspecialise', '-foptimal-applicative-do', '-fno-state-hack', '-funfolding-dict-discount=30', '-fmax-inline-memset-insns=32', '-fspec-constr', '-fcase-merge', '-fcmm-elim-common-blocks', '-fmax-worker-args=10', '-fomit-yields', '-ffull-laziness', '-fcross-module-specialise', '-fvectorisation-avoidance', '-fstrictness', '-funbox-strict-fields', '-ffun-to-thunk', '-fpedantic-bottoms', '-floopification', '-fcall-arity', '-fsimpl-tick-factor=100', '-flate-dmd-anal', '-fenable-rewrite-rules', '-fregs-iterative', '-fdo-eta-reduction', '-fspec-constr-count=3', '-fdmd-tx-dict-sel', '-fliberate-case', '-fignore-asserts', '-feager-blackholing', '-ffloat-in', '-fworker-wrapper', '-fmax-simplifier-iterations=4', '-fomit-interface-pragmas']",0.314,0,False
45,abd8f43b-5609-454b-8080-f549d7f30501,fast,"['-O0', '-fstrictness-before=1', '-fdo-eta-reduction', '-fpedantic-bottoms', '-fworker-wrapper', '-fmax-simplifier-iterations=4', '-fcmm-elim-common-blocks', '-fliberate-case-threshold=2000', '-fsimpl-tick-factor=100', '-ffloat-in', '-fvectorisation-avoidance', '-funfolding-creation-threshold=750', '-fmax-inline-memset-insns=32', '-fdmd-tx-dict-sel', '-fdo-lambda-eta-expansion', '-fspec-constr-count=3', '-fomit-interface-pragmas', '-fexcess-precision', '-fstrictness', '-funfolding-use-threshold=60', '-fignore-asserts', '-feager-blackholing', '-fignore-interface-pragmas', '-fexpose-all-unfoldings', '-fcmm-sink', '-flate-dmd-anal', '-fmax-relevant-binds=6', '-funfolding-fun-discount=60', '-funbox-strict-fields', '-floopification', '-ffun-to-thunk']",0.316,0,False
46,f3d4d308-c57d-4567-9105-0f74be42f9af,fast,"['-O0', '-fignore-asserts', '-ffull-laziness', '-fliberate-case', '-fvectorisation-avoidance', '-fspecialise', '-fcmm-sink', '-feager-blackholing', '-funbox-strict-fields', '-fno-state-hack', '-foptimal-applicative-do', '-fstatic-argument-transformation', '-fomit-interface-pragmas', '-funbox-small-strict-fields', '-funfolding-creation-threshold=750', '-fcall-arity', '-fsimpl-tick-factor=100', '-fmax-simplifier-iterations=4', '-flate-dmd-anal', '-fdo-eta-reduction', '-fmax-inline-alloc-size=128', '-funfolding-use-threshold=60', '-fspec-constr', '-fno-pre-inlining', '-fdmd-tx-dict-sel', '-fspec-constr-count=3', '-funfolding-fun-discount=60', '-fstrictness-before=1', '-fmax-inline-memset-insns=32', '-fliberate-case-threshold=2000']",0.313,0,False
47,3edb0f00-2a50-4923-944c-6539af774065,fast,"['-O0', '-fmax-inline-memcpy-insns=32', '-flate-dmd-anal', '-fliberate-case', '-fmax-worker-args=10', '-fcall-arity', '-funfolding-use-threshold=60', '-fstrictness', '-fspec-constr-count=3', '-foptimal-applicative-do', '-fignore-interface-pragmas', '-ffloat-in', '-fvectorise', '-funfolding-fun-discount=60', '-funfolding-keeness-factor=1.5', '-fpedantic-bottoms', '-fstrictness-before=1', '-fno-opt-coercion', '-fcase-merge']",0.315,0,False
48,006f559c-fd37-48d0-8607-4bb04aab5154,fast,"['-O0', '-funfolding-dict-discount=30', '-ffun-to-thunk', '-fmax-inline-alloc-size=128', '-fno-state-hack', '-fpedantic-bottoms', '-fspec-constr-count=3', '-floopification', '-fdo-lambda-eta-expansion', '-flate-dmd-anal', '-feager-blackholing', '-funfolding-creation-threshold=750', '-fmax-worker-args=10']",0.314,0,False
49,046b534a-7b70-4239-8114-7260b4553eb7,fast,"['-O0', '-fignore-asserts', '-fcmm-elim-common-blocks', '-fignore-interface-pragmas', '-ffull-laziness', '-fstrictness', '-fenable-rewrite-rules', '-fno-pre-inlining', '-fmax-inline-memcpy-insns=32', '-fno-state-hack', '-fdmd-tx-dict-sel', '-fworker-wrapper', '-flate-dmd-anal', '-funfolding-creation-threshold=750', '-fspec-constr', '-fcmm-sink', '-ffun-to-thunk', '-fomit-interface-pragmas', '-ffloat-in']",0.316,0,False
50,ceaffae4-c29b-4222-8c00-15e51bbe021c,fast,"['-O0', '-fstatic-argument-transformation', '-fvectorisation-avoidance', '-fmax-inline-memcpy-insns=32', '-fignore-interface-pragmas', '-fspec-constr-count=3', '-funfolding-keeness-factor=1.5', '-fdicts-cheap', '-fmax-worker-args=10', '-funfolding-use-threshold=60', '-fcall-arity', '-fvectorise', '-fspecialise', '-funbox-strict-fields', '-floopification', '-fregs-iterative', '-feager-blackholing', '-fenable-rewrite-rules', '-funfolding-fun-discount=60', '-fspec-constr-threshold=2000', '-fmax-inline-alloc-size=128', '-fliberate-case', '-fstrictness']",0.314,0,False
51,4baea924-8c10-4a39-8402-67d9ce636446,fast,"['-O0', '-funfolding-keeness-factor=1.5', '-ffull-laziness', '-foptimal-applicative-do', '-fspec-constr', '-fregs-iterative']",0.315,0,False
52,47ab198b-a862-40fa-957c-024090bed21a,fast,"['-O0', '-fignore-asserts', '-fomit-yields', '-fregs-iterative', '-foptimal-applicative-do', '-fspec-constr-count=3', '-funfolding-fun-discount=60', '-fcase-merge', '-fliberate-case-threshold=2000', '-fdmd-tx-dict-sel', '-fregs-graph', '-fenable-rewrite-rules', '-fspecialise', '-fspec-constr', '-fcpr-anal', '-fcall-arity', '-fcmm-elim-common-blocks', '-funfolding-use-threshold=60', '-fliberate-case', '-ffull-laziness', '-fdo-eta-reduction', '-fno-pre-inlining', '-flate-dmd-anal', '-fmax-inline-memcpy-insns=32', '-fvectorise', '-funfolding-creation-threshold=750', '-fomit-interface-pragmas', '-fmax-simplifier-iterations=4', '-fexcess-precision', '-fcmm-sink', '-fmax-inline-memset-insns=32', '-feager-blackholing', '-fexpose-all-unfoldings', '-floopification', '-fno-state-hack', '-fcse', '-funbox-strict-fields', '-fmax-inline-alloc-size=128', '-ffloat-in', '-fdicts-cheap', '-fspec-constr-threshold=2000', '-fpedantic-bottoms', '-fstrictness-before=1', '-fsimpl-tick-factor=100', '-fno-opt-coercion', '-fmax-worker-args=10', '-fvectorisation-avoidance', '-fdicts-strict', '-funfolding-dict-discount=30', '-fcross-module-specialise', '-ffun-to-thunk', '-fdo-lambda-eta-expansion']",0.315,0,False
53,f63edefd-49ab-495d-ae8f-6033ac48ae54,fast,"['-O0', '-funfolding-keeness-factor=1.5', '-fdicts-cheap', '-fignore-interface-pragmas', '-foptimal-applicative-do', '-fstrictness-before=1', '-fomit-yields', '-fliberate-case-threshold=2000', '-fexpose-all-unfoldings', '-funbox-small-strict-fields', '-fmax-inline-memcpy-insns=32', '-fliberate-case', '-fcase-merge', '-fdicts-strict', '-fexcess-precision', '-fmax-worker-args=10', '-fmax-simplifier-iterations=4', '-fcall-arity', '-fspecialise', '-funfolding-use-threshold=60', '-fdo-eta-reduction', '-floopification', '-flate-dmd-anal', '-fsimpl-tick-factor=100', '-fdo-lambda-eta-expansion', '-fcpr-anal', '-fmax-inline-alloc-size=128', '-funfolding-dict-discount=30', '-fcross-module-specialise', '-fomit-interface-pragmas', '-fspec-constr', '-fregs-iterative', '-fcse', '-ffull-laziness', '-ffun-to-thunk', '-fmax-inline-memset-insns=32', '-fvectorisation-avoidance', '-fcmm-sink', '-funfolding-fun-discount=60', '-funfolding-creation-threshold=750', '-fpedantic-bottoms', '-fno-opt-coercion', '-fenable-rewrite-rules', '-fno-pre-inlining', '-funbox-strict-fields', '-fregs-graph', '-fno-state-hack', '-fvectorise', '-ffloat-in', '-feager-blackholing', '-fcmm-elim-common-blocks', '-fspec-constr-count=3']",0.314,1,False
54,43ac177f-9257-4f64-9dce-1af7163a1d79,fast,"['-O0', '-funfolding-keeness-factor=1.5', '-fcall-arity', '-fcse', '-foptimal-applicative-do', '-fno-pre-inlining', '-fmax-simplifier-iterations=4', '-fmax-inline-memset-insns=32', '-funfolding-fun-discount=60', '-fvectorise', '-fno-state-hack', '-fcase-merge', '-fdo-lambda-eta-expansion', '-fexpose-all-unfoldings', '-fliberate-case', '-fomit-yields', '-fcmm-sink', '-fmax-worker-args=10', '-fregs-iterative', '-fsimpl-tick-factor=100', '-fspec-constr', '-funfolding-use-threshold=60', '-fmax-inline-alloc-size=128', '-fvectorisation-avoidance', '-fcpr-anal', '-fstrictness-before=1', '-feager-blackholing', '-fcmm-elim-common-blocks', '-fspec-constr-count=3', '-fexcess-precision', '-fdo-eta-reduction', '-funfolding-dict-discount=30', '-fignore-interface-pragmas', '-fignore-asserts', '-fspec-constr-threshold=2000', '-ffun-to-thunk', '-ffull-laziness', '-ffloat-in', '-fenable-rewrite-rules', '-fdicts-strict', '-flate-dmd-anal', '-fomit-interface-pragmas', '-fpedantic-bottoms', '-fmax-inline-memcpy-insns=32', '-funbox-small-strict-fields', '-fliberate-case-threshold=2000', '-fspecialise', '-funfolding-creation-threshold=750', '-funbox-strict-fields', '-fcross-module-specialise', '-fdicts-cheap', '-fregs-graph']",0.316,2,False
55,e5285b0c-2f07-4eb0-8360-9c1bfdcd48af,fast,"['-O0', '-fsimplifier-phases=2', '-funfolding-use-threshold=60', '-fvectorisation-avoidance', '-fenable-rewrite-rules', '-funfolding-creation-threshold=750', '-flate-dmd-anal', '-fignore-interface-pragmas', '-fmax-simplifier-iterations=4', '-fregs-graph', '-funfolding-fun-discount=60', '-fexpose-all-unfoldings', '-fno-state-hack', '-fregs-iterative', '-fcmm-elim-common-blocks', '-fspec-constr', '-funbox-strict-fields', '-fmax-inline-memset-insns=32', '-fcmm-sink', '-ffun-to-thunk', '-fdo-lambda-eta-expansion', '-fcross-module-specialise', '-fliberate-case-threshold=2000', '-fomit-interface-pragmas', '-fexcess-precision', '-funfolding-dict-discount=30', '-fcpr-anal', '-fspecialise', '-fspec-constr-count=3', '-fdo-eta-reduction', '-fcse', '-fmax-worker-args=10', '-ffloat-in', '-floopification', '-fstrictness-before=1', '-fno-pre-inlining', '-fvectorise', '-fmax-inline-memcpy-insns=32', '-foptimal-applicative-do', '-fomit-yields', '-fdicts-strict', '-fmax-inline-alloc-size=128', '-fignore-asserts', '-fcall-arity', '-fsimpl-tick-factor=100', '-funbox-small-strict-fields', '-fno-opt-coercion', '-feager-blackholing', '-fpedantic-bottoms', '-fdicts-cheap', '-fcase-merge', '-ffull-laziness']",0.313,3,False
56,3c03f8d8-ab7a-4419-829c-0cb4ea8e4947,fast,"['-O0', '-fsimplifier-phases=2', '-fenable-rewrite-rules', '-fstrictness', '-fmax-worker-args=10', '-funbox-strict-fields', '-fexcess-precision', '-fregs-iterative', '-ffloat-in', '-fignore-interface-pragmas', '-fliberate-case', '-fcall-arity', '-fdo-lambda-eta-expansion', '-fexpose-all-unfoldings', '-fstrictness-before=1', '-funfolding-use-threshold=60', '-fcmm-sink', '-funbox-small-strict-fields', '-fpedantic-bottoms', '-foptimal-applicative-do', '-fno-state-hack', '-fdicts-strict', '-feager-blackholing', '-fmax-inline-memset-insns=32', '-fomit-interface-pragmas', '-fmax-inline-alloc-size=128', '-funfolding-creation-threshold=750', '-fignore-asserts', '-fvectorise', '-fcase-merge', '-fsimpl-tick-factor=100', '-fcse', '-fomit-yields', '-funfolding-fun-discount=60', '-fspecialise', '-fno-opt-coercion', '-fcross-module-specialise', '-fcmm-elim-common-blocks', '-ffull-laziness', '-fmax-simplifier-iterations=4', '-flate-dmd-anal', '-fspec-constr', '-fmax-inline-memcpy-insns=32', '-fspec-constr-count=3', '-ffun-to-thunk', '-fvectorisation-avoidance', '-funfolding-dict-discount=30', '-fno-pre-inlining', '-fdo-eta-reduction', '-fliberate-case-threshold=2000', '-fcpr-anal', '-fregs-graph']",0.313,4,False
57,fdce66a3-b41a-4bbf-b245-3e9b453001bf,fast,"['-O0', '-fignore-asserts', '-fcse', '-fspec-constr-count=3', '-ffull-laziness', '-funbox-small-strict-fields', '-fomit-yields', '-ffun-to-thunk', '-fvectorisation-avoidance', '-fcross-module-specialise', '-fexpose-all-unfoldings', '-flate-dmd-anal', '-fmax-inline-memcpy-insns=32', '-fliberate-case', '-fdicts-cheap', '-fregs-graph', '-fspecialise', '-fmax-worker-args=10', '-funbox-strict-fields', '-fcase-merge', '-fmax-inline-alloc-size=128', '-fliberate-case-threshold=2000', '-fsimpl-tick-factor=100', '-fno-state-hack', '-feager-blackholing', '-fenable-rewrite-rules', '-fexcess-precision', '-ffloat-in', '-fno-opt-coercion', '-fno-pre-inlining', '-fregs-iterative', '-fpedantic-bottoms', '-fdo-eta-reduction', '-fstatic-argument-transformation', '-funfolding-use-threshold=60', '-fcmm-elim-common-blocks', '-fignore-interface-pragmas', '-fmax-inline-memset-insns=32', '-fdicts-strict', '-fmax-simplifier-iterations=4', '-fomit-interface-pragmas', '-foptimal-applicative-do', '-fcall-arity', '-funfolding-fun-discount=60', '-funfolding-dict-discount=30', '-fcpr-anal', '-floopification', '-fsimplifier-phases=2', '-fspec-constr', '-fvectorise', '-fcmm-sink', '-fstrictness-before=1']",0.316,5,False
58,408211bc-4397-4c7c-bbfd-d984d43e47dd,fast,"['-O0', '-fdmd-tx-dict-sel', '-fcmm-sink', '-fspec-constr-count=3', '-fomit-interface-pragmas', '-feager-blackholing', '-fsimpl-tick-factor=100', '-ffull-laziness', '-floopification', '-foptimal-applicative-do', '-fcase-merge', '-funfolding-creation-threshold=750', '-fliberate-case-threshold=2000', '-funbox-small-strict-fields', '-fvectorisation-avoidance', '-fmax-inline-memset-insns=32', '-funfolding-fun-discount=60', '-fspecialise', '-fmax-inline-memcpy-insns=32', '-fmax-inline-alloc-size=128', '-fignore-asserts', '-fstatic-argument-transformation', '-fcse', '-ffun-to-thunk', '-fcmm-elim-common-blocks', '-fcross-module-specialise', '-fcall-arity', '-fexpose-all-unfoldings', '-fdicts-strict', '-fcpr-anal', '-fenable-rewrite-rules', '-fliberate-case', '-fpedantic-bottoms', '-funfolding-use-threshold=60', '-funfolding-dict-discount=30', '-fregs-iterative', '-fexcess-precision', '-fmax-worker-args=10', '-fno-state-hack', '-fvectorise', '-fno-opt-coercion', '-fmax-simplifier-iterations=4', '-fno-pre-inlining', '-fsimplifier-phases=2', '-fspec-constr', '-fomit-yields', '-fdo-eta-reduction', '-funbox-strict-fields', '-flate-dmd-anal', '-fregs-graph', '-fstrictness-before=1', '-ffloat-in']",0.315,6,False
59,ad842cbd-ae7f-4b2a-9619-4ec0c22a6381,fast,"['-O0', '-fdo-lambda-eta-expansion', '-ffun-to-thunk', '-fcmm-sink', '-floopification', '-fstrictness-before=1', '-fstrictness', '-fno-state-hack', '-fvectorise', '-fomit-yields', '-fomit-interface-pragmas', '-fspec-constr', '-fspec-constr-count=3', '-fspecialise', '-fno-opt-coercion', '-ffloat-in', '-fdicts-strict', '-fpedantic-bottoms', '-fexcess-precision', '-fregs-graph', '-fdicts-cheap', '-funfolding-use-threshold=60', '-fcse', '-fliberate-case', '-funfolding-creation-threshold=750', '-fregs-iterative', '-fdo-eta-reduction', '-ffull-laziness', '-feager-blackholing', '-flate-dmd-anal', '-fstatic-argument-transformation', '-funfolding-dict-discount=30', '-funbox-strict-fields', '-fexpose-all-unfoldings', '-fignore-asserts', '-fcall-arity', '-fmax-worker-args=10', '-fmax-simplifier-iterations=4', '-fno-pre-inlining', '-fsimpl-tick-factor=100', '-funbox-small-strict-fields', '-fcpr-anal', '-foptimal-applicative-do', '-fcase-merge', '-fliberate-case-threshold=2000', '-funfolding-fun-discount=60', '-fvectorisation-avoidance', '-fenable-rewrite-rules', '-fmax-inline-alloc-size=128', '-fcmm-elim-common-blocks', '-fmax-inline-memset-insns=32', '-fcross-module-specialise']",0.314,7,False
60,a621b892-544f-4e1f-aeab-ea644e0ab58b,fast,"['-O0', '-fdo-lambda-eta-expansion', '-fcross-module-specialise', '-fno-state-hack', '-fregs-iterative', '-fsimplifier-phases=2', '-fstrictness-before=1', '-fcmm-elim-common-blocks', '-fexcess-precision', '-fdo-eta-reduction', '-fcall-arity', '-foptimal-applicative-do', '-fspec-constr-threshold=2000', '-fregs-graph', '-funfolding-use-threshold=60', '-fvectorise', '-ffun-to-thunk', '-ffloat-in', '-fcpr-anal', '-fenable-rewrite-rules', '-fmax-worker-args=10', '-feager-blackholing', '-fmax-simplifier-iterations=4', '-fspec-constr-count=3', '-fdicts-strict', '-funfolding-fun-discount=60', '-fcmm-sink', '-fmax-inline-alloc-size=128', '-funfolding-dict-discount=30', '-fomit-yields', '-fmax-inline-memcpy-insns=32', '-fcase-merge', '-fliberate-case-threshold=2000', '-funbox-small-strict-fields', '-fvectorisation-avoidance', '-fpedantic-bottoms', '-fexpose-all-unfoldings', '-fspecialise', '-fno-pre-inlining', '-fomit-interface-pragmas', '-fno-opt-coercion', '-flate-dmd-anal', '-funbox-strict-fields', '-fsimpl-tick-factor=100', '-fspec-constr', '-fmax-inline-memset-insns=32', '-ffull-laziness', '-fignore-interface-pragmas', '-fdicts-cheap', '-fcse', '-funfolding-creation-threshold=750', '-floopification']",0.314,8,False
61,4954d37f-48f2-45de-981c-24448c984d5a,fast,"['-O0', '-fsimplifier-phases=2', '-fignore-asserts', '-fomit-yields', '-fsimpl-tick-factor=100', '-ffull-laziness', '-fvectorise', '-funbox-strict-fields', '-fvectorisation-avoidance', '-funfolding-use-threshold=60', '-ffun-to-thunk', '-fexcess-precision', '-fpedantic-bottoms', '-fignore-interface-pragmas', '-fliberate-case', '-funbox-small-strict-fields', '-fno-opt-coercion', '-fspec-constr', '-fomit-interface-pragmas', '-fspec-constr-threshold=2000', '-funfolding-dict-discount=30', '-fmax-simplifier-iterations=4', '-fcase-merge', '-fdo-eta-reduction', '-flate-dmd-anal', '-fno-state-hack', '-fexpose-all-unfoldings', '-fcmm-sink', '-fcmm-elim-common-blocks', '-fenable-rewrite-rules', '-fmax-inline-alloc-size=128', '-fcpr-anal', '-fspecialise', '-fdicts-cheap', '-ffloat-in', '-fliberate-case-threshold=2000', '-fcall-arity', '-fspec-constr-count=3', '-fstrictness', '-feager-blackholing', '-fno-pre-inlining', '-fregs-graph', '-fcross-module-specialise', '-fmax-inline-memset-insns=32', '-fmax-inline-memcpy-insns=32', '-funfolding-fun-discount=60', '-fstrictness-before=1', '-fregs-iterative', '-funfolding-creation-threshold=750', '-fcse', '-fdicts-strict', '-fmax-worker-args=10']",0.313,9,False
62,81a22a22-c52c-4cc7-96e9-e48c92c79041,fast,"['-O0', '-fstrictness', '-fexpose-all-unfoldings', '-fdicts-cheap', '-fmax-inline-memcpy-insns=32', '-fignore-asserts', '-fenable-rewrite-rules', '-foptimal-applicative-do', '-fregs-graph', '-fpedantic-bottoms', '-ffloat-in', '-funfolding-fun-discount=60', '-fliberate-case-threshold=2000', '-fspec-constr-threshold=2000', '-fspecialise', '-funfolding-dict-discount=30', '-fomit-interface-pragmas', '-feager-blackholing', '-fdo-eta-reduction', '-fstrictness-before=1', '-fno-opt-coercion', '-fcmm-elim-common-blocks', '-fno-pre-inlining', '-fspec-constr-count=3', '-fignore-interface-pragmas', '-fliberate-case', '-ffull-laziness', '-fcpr-anal', '-flate-dmd-anal', '-funbox-small-strict-fields', '-funfolding-use-threshold=60', '-fexcess-precision', '-fcse', '-fcase-merge', '-fdicts-strict', '-fsimpl-tick-factor=100', '-fvectorise', '-funfolding-creation-threshold=750', '-fno-state-hack', '-fmax-inline-memset-insns=32', '-fmax-inline-alloc-size=128', '-fmax-worker-args=10', '-fsimplifier-phases=2', '-fregs-iterative', '-fcross-module-specialise', '-fvectorisation-avoidance', '-fspec-constr', '-fcmm-sink', '-fmax-simplifier-iterations=4', '-fcall-arity', '-ffun-to-thunk', '-funbox-strict-fields']",0.313,10,False
63,ea82a53a-3665-4849-896a-45d236de5ccb,fast,"['-O0', '-fstrictness', '-fcmm-elim-common-blocks', '-fno-opt-coercion', '-fno-state-hack', '-fcse', '-fvectorise', '-fcpr-anal', '-fliberate-case', '-funfolding-use-threshold=60', '-fstrictness-before=1', '-fomit-yields', '-fregs-iterative', '-fexcess-precision', '-fno-pre-inlining', '-fenable-rewrite-rules', '-fmax-inline-memset-insns=32', '-fcase-merge', '-fmax-simplifier-iterations=4', '-fcmm-sink', '-fsimpl-tick-factor=100', '-ffull-laziness', '-fpedantic-bottoms', '-ffloat-in', '-fmax-inline-memcpy-insns=32', '-fdicts-cheap', '-fignore-asserts', '-feager-blackholing', '-fliberate-case-threshold=2000', '-funfolding-creation-threshold=750', '-funbox-small-strict-fields', '-fexpose-all-unfoldings', '-fdo-eta-reduction', '-fmax-inline-alloc-size=128', '-fcall-arity', '-funfolding-fun-discount=60', '-funfolding-dict-discount=30', '-fvectorisation-avoidance', '-fspec-constr', '-fcross-module-specialise', '-fspec-constr-threshold=2000', '-fignore-interface-pragmas', '-flate-dmd-anal', '-fspecialise', '-fspec-constr-count=3', '-fsimplifier-phases=2', '-fregs-graph', '-fomit-interface-pragmas', '-ffun-to-thunk', '-fdicts-strict', '-foptimal-applicative-do', '-funbox-strict-fields']",0.314,11,False
64,710d0461-339e-457d-87d7-9ee3505f5c9b,fast,"['-O0', '-fstrictness', '-funfolding-dict-discount=30', '-fpedantic-bottoms', '-fspec-constr', '-fomit-interface-pragmas', '-fcross-module-specialise', '-ffun-to-thunk', '-fvectorisation-avoidance', '-fmax-simplifier-iterations=4', '-funbox-small-strict-fields', '-funfolding-fun-discount=60', '-foptimal-applicative-do', '-ffull-laziness', '-fregs-graph', '-fcall-arity', '-fcmm-sink', '-funfolding-use-threshold=60', '-fcse', '-fenable-rewrite-rules', '-fspec-constr-threshold=2000', '-fdo-lambda-eta-expansion', '-fdicts-strict', '-fsimpl-tick-factor=100', '-fliberate-case', '-funfolding-creation-threshold=750', '-fcpr-anal', '-fexcess-precision', '-fdo-eta-reduction', '-fsimplifier-phases=2', '-funbox-strict-fields', '-fmax-inline-memset-insns=32', '-fvectorise', '-fstatic-argument-transformation', '-fno-pre-inlining', '-fmax-worker-args=10', '-fno-state-hack', '-fcase-merge', '-fno-opt-coercion', '-flate-dmd-anal', '-fdmd-tx-dict-sel', '-fcmm-elim-common-blocks', '-fignore-interface-pragmas', '-ffloat-in', '-fspec-constr-count=3', '-fdicts-cheap', '-fspecialise', '-fliberate-case-threshold=2000', '-fstrictness-before=1', '-fmax-inline-memcpy-insns=32', '-fregs-iterative', '-fexpose-all-unfoldings']",0.313,12,False
65,2cab04d3-8de9-4da2-b41d-648386005753,fast,"['-O0', '-fignore-asserts', '-fliberate-case-threshold=2000', '-fcall-arity', '-fmax-inline-memset-insns=32', '-funfolding-dict-discount=30', '-fspec-constr-count=3', '-floopification', '-fignore-interface-pragmas', '-flate-dmd-anal', '-fexpose-all-unfoldings', '-fmax-inline-memcpy-insns=32', '-funfolding-use-threshold=60', '-fregs-graph', '-funbox-small-strict-fields', '-fdo-eta-reduction', '-fvectorisation-avoidance', '-fomit-interface-pragmas', '-fcross-module-specialise', '-fdicts-strict', '-foptimal-applicative-do', '-ffloat-in', '-ffull-laziness', '-fenable-rewrite-rules', '-funfolding-fun-discount=60', '-fexcess-precision', '-feager-blackholing', '-fsimplifier-phases=2', '-fmax-inline-alloc-size=128', '-ffun-to-thunk', '-fno-opt-coercion', '-fliberate-case', '-fmax-simplifier-iterations=4', '-fstrictness-before=1', '-fpedantic-bottoms', '-funfolding-creation-threshold=750', '-fspecialise', '-funbox-strict-fields', '-fsimpl-tick-factor=100', '-fcpr-anal', '-fno-pre-inlining', '-fmax-worker-args=10', '-fcmm-sink', '-fcmm-elim-common-blocks', '-fcase-merge', '-fcse', '-fregs-iterative', '-fdicts-cheap', '-fspec-constr-threshold=2000', '-fvectorise', '-fdo-lambda-eta-expansion', '-fspec-constr']",0.315,13,False
66,0847a7e2-70d4-4d63-84dd-728630af4aa0,fast,"['-O0', '-fstrictness', '-fomit-interface-pragmas', '-floopification', '-fspecialise', '-fsimpl-tick-factor=100', '-fcse', '-fcall-arity', '-flate-dmd-anal', '-fcpr-anal', '-fsimplifier-phases=2', '-funbox-strict-fields', '-fignore-asserts', '-ffloat-in', '-fno-state-hack', '-fexcess-precision', '-funfolding-creation-threshold=750', '-fcross-module-specialise', '-fmax-simplifier-iterations=4', '-fspec-constr-count=3', '-fdicts-strict', '-fvectorisation-avoidance', '-fvectorise', '-feager-blackholing', '-fdo-lambda-eta-expansion', '-fcmm-elim-common-blocks', '-fdo-eta-reduction', '-fignore-interface-pragmas', '-fmax-inline-alloc-size=128', '-fpedantic-bottoms', '-funfolding-use-threshold=60', '-fexpose-all-unfoldings', '-fenable-rewrite-rules', '-funbox-small-strict-fields', '-fcase-merge', '-fstrictness-before=1', '-funfolding-fun-discount=60', '-fmax-worker-args=10', '-fno-pre-inlining', '-fregs-iterative', '-fregs-graph', '-fcmm-sink', '-fmax-inline-memset-insns=32', '-ffull-laziness', '-ffun-to-thunk', '-foptimal-applicative-do', '-fspec-constr-threshold=2000', '-fdicts-cheap', '-fliberate-case-threshold=2000', '-fmax-inline-memcpy-insns=32', '-fliberate-case', '-funfolding-dict-discount=30']",0.315,14,False
67,c6415cc7-dee9-4b5d-afe5-e96931ae5b44,fast,"['-O0', '-fmax-relevant-binds=6', '-funbox-strict-fields', '-fregs-iterative', '-ffloat-in', '-fspecialise', '-fliberate-case', '-fspec-constr', '-fno-pre-inlining', '-fmax-inline-alloc-size=128', '-ffull-laziness', '-fomit-interface-pragmas', '-fcross-module-specialise', '-fregs-graph', '-flate-dmd-anal', '-fcmm-sink', '-fcall-arity', '-fomit-yields', '-fignore-interface-pragmas', '-fcmm-elim-common-blocks', '-foptimal-applicative-do', '-fignore-asserts', '-fmax-simplifier-iterations=4', '-fexpose-all-unfoldings', '-fliberate-case-threshold=2000', '-fenable-rewrite-rules', '-feager-blackholing', '-funfolding-use-threshold=60', '-fdo-eta-reduction', '-funfolding-dict-discount=30', '-fstrictness-before=1', '-fmax-inline-memset-insns=32', '-fvectorise', '-fsimpl-tick-factor=100', '-fcse', '-fmax-worker-args=10', '-fexcess-precision', '-fcase-merge', '-fmax-inline-memcpy-insns=32', '-funbox-small-strict-fields', '-fdicts-strict', '-fno-opt-coercion', '-fcpr-anal', '-funfolding-creation-threshold=750', '-fvectorisation-avoidance', '-fno-state-hack', '-fsimplifier-phases=2', '-ffun-to-thunk', '-fpedantic-bottoms', '-funfolding-fun-discount=60', '-fspec-constr-threshold=2000', '-fdicts-cheap']",0.313,15,False
68,9735da9f-a05d-4d7c-ad92-5bd69a31c2f9,fast,"['-O0', '-fmax-relevant-binds=6', '-fspec-constr-count=3', '-fmax-inline-memset-insns=32', '-fcpr-anal', '-fcmm-elim-common-blocks', '-fno-pre-inlining', '-fcse', '-fsimpl-tick-factor=100', '-fno-state-hack', '-fregs-graph', '-fdo-lambda-eta-expansion', '-fomit-interface-pragmas', '-funbox-strict-fields', '-foptimal-applicative-do', '-fmax-simplifier-iterations=4', '-fvectorise', '-fdo-eta-reduction', '-fmax-inline-memcpy-insns=32', '-fliberate-case', '-fspec-constr', '-fdicts-cheap', '-fcase-merge', '-ffloat-in', '-fexcess-precision', '-fexpose-all-unfoldings', '-funbox-small-strict-fields', '-fcross-module-specialise', '-fomit-yields', '-fliberate-case-threshold=2000', '-fignore-interface-pragmas', '-fmax-worker-args=10', '-fspecialise', '-ffun-to-thunk', '-fmax-inline-alloc-size=128', '-fdicts-strict', '-fignore-asserts', '-funfolding-fun-discount=60', '-funfolding-dict-discount=30', '-fsimplifier-phases=2', '-funfolding-use-threshold=60', '-ffull-laziness', '-fstrictness-before=1', '-fspec-constr-threshold=2000', '-fcmm-sink', '-flate-dmd-anal', '-fno-opt-coercion', '-fregs-iterative', '-fvectorisation-avoidance', '-fpedantic-bottoms', '-feager-blackholing', '-fcall-arity']",0.314,16,False
69,90c1eda1-d413-47eb-928e-a6bc00cf9b84,fast,"['-O0', '-fstrictness', '-fspec-constr-threshold=2000', '-fno-opt-coercion', '-fenable-rewrite-rules', '-fliberate-case', '-fdo-eta-reduction', '-funfolding-use-threshold=60', '-fstrictness-before=1', '-fsimplifier-phases=2', '-foptimal-applicative-do', '-fpedantic-bottoms', '-fspecialise', '-fregs-iterative', '-fvectorisation-avoidance', '-fignore-asserts', '-fcase-merge', '-fno-pre-inlining', '-fliberate-case-threshold=2000', '-fmax-worker-args=10', '-fcmm-sink', '-fexcess-precision', '-fcmm-elim-common-blocks', '-fomit-yields', '-fno-state-hack', '-fomit-interface-pragmas', '-feager-blackholing', '-fspec-constr', '-fregs-graph', '-ffloat-in', '-fdo-lambda-eta-expansion', '-fdicts-strict', '-funfolding-dict-discount=30', '-flate-dmd-anal', '-fcse', '-fmax-simplifier-iterations=4', '-fmax-inline-memset-insns=32', '-ffull-laziness', '-fignore-interface-pragmas', '-fsimpl-tick-factor=100', '-ffun-to-thunk', '-funbox-small-strict-fields', '-fcall-arity', '-fcross-module-specialise', '-fdicts-cheap', '-funbox-strict-fields', '-fmax-inline-alloc-size=128', '-fmax-inline-memcpy-insns=32', '-fvectorise', '-fexpose-all-unfoldings', '-fspec-constr-count=3', '-fcpr-anal']",0.313,17,False
70,429235db-0168-4ab0-8a31-a1da2bd51b44,fast,"['-O0', '-funfolding-keeness-factor=1.5', '-fomit-yields', '-fcpr-anal', '-funfolding-fun-discount=60', '-fcross-module-specialise', '-fno-opt-coercion', '-fcmm-elim-common-blocks', '-funfolding-creation-threshold=750', '-fregs-iterative', '-fregs-graph', '-feager-blackholing', '-fvectorisation-avoidance', '-fmax-simplifier-iterations=4', '-fspec-constr', '-fcse', '-fvectorise', '-fenable-rewrite-rules', '-fspecialise', '-flate-dmd-anal', '-fdo-lambda-eta-expansion', '-fliberate-case-threshold=2000', '-fignore-interface-pragmas', '-fmax-inline-memset-insns=32', '-fmax-inline-alloc-size=128', '-funfolding-dict-discount=30', '-fspec-constr-threshold=2000', '-fcall-arity', '-foptimal-applicative-do', '-fsimpl-tick-factor=100', '-fdicts-cheap', '-fpedantic-bottoms', '-fdo-eta-reduction', '-fno-state-hack', '-fmax-inline-memcpy-insns=32', '-funbox-small-strict-fields', '-funfolding-use-threshold=60', '-fcmm-sink', '-fexcess-precision', '-fmax-worker-args=10', '-ffun-to-thunk', '-fcase-merge', '-fignore-asserts', '-ffull-laziness', '-fomit-interface-pragmas', '-ffloat-in', '-fexpose-all-unfoldings', '-fdicts-strict', '-fliberate-case', '-fstrictness-before=1', '-fno-pre-inlining', '-funbox-strict-fields']",0.314,18,False
71,0d97399f-668f-4119-bc8b-db9cf141bdb5,fast,"['-O0', '-fstrictness', '-ffun-to-thunk', '-fomit-yields', '-fvectorise', '-fmax-worker-args=10', '-fcmm-elim-common-blocks', '-fregs-graph', '-foptimal-applicative-do', '-fspec-constr-threshold=2000', '-fliberate-case-threshold=2000', '-fstatic-argument-transformation', '-fcall-arity', '-fvectorisation-avoidance', '-fcmm-sink', '-fdo-lambda-eta-expansion', '-funbox-small-strict-fields', '-fno-pre-inlining', '-ffloat-in', '-funfolding-dict-discount=30', '-funbox-strict-fields', '-fcpr-anal', '-fcse', '-fdicts-strict', '-fspecialise', '-fcross-module-specialise', '-funfolding-use-threshold=60', '-fignore-interface-pragmas', '-fspec-constr', '-fcase-merge', '-feager-blackholing', '-fno-state-hack', '-fspec-constr-count=3', '-fliberate-case', '-fenable-rewrite-rules', '-fdicts-cheap', '-fstrictness-before=1', '-fmax-inline-alloc-size=128', '-funfolding-fun-discount=60', '-fexcess-precision', '-fdo-eta-reduction', '-fmax-simplifier-iterations=4', '-fignore-asserts', '-fregs-iterative', '-fexpose-all-unfoldings', '-fomit-interface-pragmas', '-fmax-inline-memset-insns=32', '-flate-dmd-anal', '-fsimpl-tick-factor=100', '-fpedantic-bottoms', '-ffull-laziness', '-funfolding-creation-threshold=750']",0.314,19,False
72,c2566ba5-e8ae-4a95-869b-f9b7253a32d3,fast,"['-O0', '-fmax-relevant-binds=6', '-fmax-inline-alloc-size=128', '-funfolding-use-threshold=60', '-fdo-eta-reduction', '-feager-blackholing', '-fmax-inline-memcpy-insns=32', '-fcpr-anal', '-fno-opt-coercion', '-fspec-constr-threshold=2000', '-fcmm-sink', '-fdicts-strict', '-fno-pre-inlining', '-fcall-arity', '-fpedantic-bottoms', '-fmax-simplifier-iterations=4', '-fmax-inline-memset-insns=32', '-fmax-worker-args=10', '-fregs-iterative', '-fspec-constr', '-fspecialise', '-fomit-interface-pragmas', '-fcross-module-specialise', '-foptimal-applicative-do', '-funbox-strict-fields', '-fomit-yields', '-fdicts-cheap', '-ffloat-in', '-fexpose-all-unfoldings', '-fvectorise', '-ffull-laziness', '-fignore-asserts', '-fdo-lambda-eta-expansion', '-fvectorisation-avoidance', '-fspec-constr-count=3', '-ffun-to-thunk', '-fno-state-hack', '-fenable-rewrite-rules', '-fsimpl-tick-factor=100', '-flate-dmd-anal', '-fignore-interface-pragmas', '-funbox-small-strict-fields', '-funfolding-dict-discount=30', '-fcse', '-funfolding-creation-threshold=750', '-fcase-merge', '-fliberate-case', '-fliberate-case-threshold=2000', '-fregs-graph', '-fcmm-elim-common-blocks', '-fsimplifier-phases=2', '-fexcess-precision']",0.314,20,False
73,f14190bf-134e-4fa7-ba6d-660a85079eff,fast,"['-O0', '-fmax-relevant-binds=6']",0.314,21,False
74,8f74353c-51ca-45d9-a1da-f27cbacc6ef5,fast,"['-O0', '-fdmd-tx-dict-sel']",0.315,22,False
75,8e74459a-0242-465a-a5c9-c5e92d6ce1a7,fast,"['-O0', '-fstrictness']",0.315,23,False
76,75a451e6-607f-4cf5-a8da-9af926842724,fast,"['-O0', '-fworker-wrapper']",0.316,24,False
77,aa04228b-e29f-4300-9d49-86a65a0569ca,fast,"['-O0', '-funfolding-keeness-factor=1.5']",0.316,25,False
78,3c5ec967-6433-4979-a9a5-23ed211247cf,fast,"['-O0', '-floopification']",0.315,26,False
79,35bb4608-6838-460a-9ac1-33a41ebf22e6,fast,"['-O0', '-fsimplifier-phases=2']",0.316,27,False
80,23f2927b-fdc2-43cd-b8ba-a245045564e0,fast,"['-O0', '-fmax-inline-alloc-size=128']",0.316,28,False
81,e7d36f74-9821-41a1-b5ec-36a37a8e2255,fast,"['-O0', '-fstrictness-before=1']",0.313,29,False
82,d1cc4a55-94e6-4ed8-8730-01eb3c01741b,fast,"['-O0', '-fdo-lambda-eta-expansion']",0.315,30,False
83,7dd0dd7d-8c8a-48e3-abd8-578b993df1a0,fast,"['-O0', '-fstatic-argument-transformation']",0.314,31,False
